{
  "nodes": [
    { "id": 0, "attributes": { "q": 0.0, "p": 7.4 } },
    { "id": 1, "attributes": { "q": 0.0, "p": 0.0 } },
    { "id": 2, "attributes": { "q": 0.0, "p": 0.0 } },
    { "id": 3, "attributes": { "q": 0.0, "p": 5.4 } }
  ],

  "edges": [
    {
      "source": 0,
      "target": 1,
      "attributes": { "length": 38, "diam_in": 1400 }
    },
    {
      "source": 1,
      "target": 2,
      "attributes": { "length": 40, "diam_in": 1400 }
    },
    {
      "source": 2,
      "target": 3,
      "attributes": { "length": 43, "diam_in": 1400 }
    }
  ]
}
