{
    "directed": true,
    "multigraph": false,
    "graph": {},
    "nodes": [
        {
            "attributes": {
                "q": 0.0,
                "p": 7.1
            },
            "id": 0
        },
        {
            "attributes": {
                "q": 0.0,
                "p": 0
            },
            "id": 1
        },
        {
            "attributes": {
                "q": 0.0,
                "p": 0
            },
            "id": 2
        },
        {
            "attributes": {
                "q": 0.0,
                "p": 0
            },
            "id": 3
        },
        {
            "attributes": {
                "q": 0.0,
                "p": 0
            },
            "id": 4
        },
        {
            "attributes": {
                "q": 0.0,
                "p": 0
            },
            "id": 5
        },
        {
            "attributes": {
                "q": 0.0,
                "p": 0
            },
            "id": 6
        },
        {
            "attributes": {
                "q": 0.0,
                "p": 0
            },
            "id": 7
        },
        {
            "attributes": {
                "q": 0.0,
                "p": 0
            },
            "id": 8
        },
        {
            "attributes": {
                "q": 0.0,
                "p": 5.0
            },
            "id": 9
        }
    ],
    "links": [
        {
            "attributes": {
                "length": 42,
                "diam_in": 1400
            },
            "source": 0,
            "target": 1
        },
        {
            "attributes": {
                "length": 39,
                "diam_in": 1400
            },
            "source": 0,
            "target": 6
        },
        {
            "attributes": {
                "length": 36,
                "diam_in": 1200
            },
            "source": 0,
            "target": 8
        },
        {
            "attributes": {
                "length": 49,
                "diam_in": 1200
            },
            "source": 1,
            "target": 2
        },
        {
            "attributes": {
                "length": 40,
                "diam_in": 1200
            },
            "source": 1,
            "target": 7
        },
        {
            "attributes": {
                "length": 44,
                "diam_in": 1000
            },
            "source": 2,
            "target": 3
        },
        {
            "attributes": {
                "length": 32,
                "diam_in": 700
            },
            "source": 3,
            "target": 4
        },
        {
            "attributes": {
                "length": 49,
                "diam_in": 700
            },
            "source": 3,
            "target": 5
        },
        {
            "attributes": {
                "length": 35,
                "diam_in": 700
            },
            "source": 4,
            "target": 9
        },
        {
            "attributes": {
                "length": 50,
                "diam_in": 700
            },
            "source": 5,
            "target": 9
        },
        {
            "attributes": {
                "length": 47,
                "diam_in": 1200
            },
            "source": 6,
            "target": 9
        },
        {
            "attributes": {
                "length": 39,
                "diam_in": 1000
            },
            "source": 7,
            "target": 9
        },
        {
            "attributes": {
                "length": 41,
                "diam_in": 1000
            },
            "source": 8,
            "target": 9
        }
    ]
}